Delhi NCR Restaurants, Connaught Place                (277 places), Berco's
Delhi NCR Restaurants, Connaught Place                (277 places), Ardor
Delhi NCR Restaurants, Connaught Place                (277 places), Odeon Social
Delhi NCR Restaurants, Connaught Place                (277 places), Burger King
Delhi NCR Restaurants, Connaught Place                (277 places), Sbarro
Delhi NCR Restaurants, Connaught Place                (277 places), Saravana Bhavan
Delhi NCR Restaurants, Connaught Place                (277 places), Naturals Ice Cream
Delhi NCR Restaurants, Connaught Place                (277 places), My Bar Headquarters
Delhi NCR Restaurants, Connaught Place                (277 places), Tamasha
Delhi NCR Restaurants, Connaught Place                (277 places), Farzi Cafe
Delhi NCR Restaurants, Connaught Place                (277 places), Unplugged Courtyard
Delhi NCR Restaurants, Connaught Place                (277 places), Desi Vibes
Delhi NCR Restaurants, Connaught Place                (277 places), Cafe Dalal Street
Delhi NCR Restaurants, Connaught Place                (277 places), Caf√© MRP
Delhi NCR Restaurants, Connaught Place                (277 places), Pind Balluchi
Delhi NCR Restaurants, Connaught Place                (277 places), FLYP@MTV
Delhi NCR Restaurants, Connaught Place                (277 places), Nando's
Delhi NCR Restaurants, Connaught Place                (277 places), Warehouse Cafe
Delhi NCR Restaurants, Connaught Place                (277 places), Veda
Delhi NCR Restaurants, Connaught Place                (277 places), Zizo
Delhi NCR Restaurants, Connaught Place                (277 places), Caffe Tonino
Delhi NCR Restaurants, Connaught Place                (277 places), 38 Barracks
Delhi NCR Restaurants, Connaught Place                (277 places), Barbeque Nation
Delhi NCR Restaurants, Connaught Place                (277 places), Cha Bar
Delhi NCR Restaurants, Connaught Place                (277 places), Jungle Jamboree
Delhi NCR Restaurants, Connaught Place                (277 places), Dunkin' Donuts
Delhi NCR Restaurants, Connaught Place                (277 places), The Town House Cafe
Delhi NCR Restaurants, Connaught Place                (277 places), Chew - Pan Asian Cafe
Delhi NCR Restaurants, Connaught Place                (277 places), Rajdhani Thali Restaurant
Delhi NCR Restaurants, Connaught Place                (277 places), Lord of the Drinks
Delhi NCR Restaurants, Connaught Place                (277 places), The Junkyard Cafe
Delhi NCR Restaurants, Connaught Place                (277 places), Kinbuck 2
Delhi NCR Restaurants, Connaught Place                (277 places), Route 04
Delhi NCR Restaurants, Connaught Place                (277 places), Ambrosia Bliss
Delhi NCR Restaurants, Connaught Place                (277 places), Zaffran
Delhi NCR Restaurants, Connaught Place                (277 places), Garam Dharam
Delhi NCR Restaurants, Connaught Place                (277 places), Punjabi By Nature Quickie
Delhi NCR Restaurants, Connaught Place                (277 places), Biryani Blues
Delhi NCR Restaurants, Connaught Place                (277 places), The Vault Cafe
Delhi NCR Restaurants, Connaught Place                (277 places), Khan Chacha
Delhi NCR Restaurants, Connaught Place                (277 places), Bikkgane Biryani by Biryani Paradise
Delhi NCR Restaurants, Connaught Place                (277 places), Smoke On Water
Delhi NCR Restaurants, Connaught Place                (277 places), Chaayos
Delhi NCR Restaurants, Connaught Place                (277 places), Cafe Hawkers
Delhi NCR Restaurants, Connaught Place                (277 places), Parikrama - The Revolving Restaurant
Delhi NCR Restaurants, Connaught Place                (277 places), HotMess
Delhi NCR Restaurants, Connaught Place                (277 places), Johnny Rockets
Delhi NCR Restaurants, Connaught Place                (277 places), Wenger's
Delhi NCR Restaurants, Connaught Place                (277 places), Teddy Boy
Delhi NCR Restaurants, Connaught Place                (277 places), Caffe 9
Delhi NCR Restaurants, Connaught Place                (277 places), Zen
Delhi NCR Restaurants, Connaught Place                (277 places), Cafe Public Connection
Delhi NCR Restaurants, Connaught Place                (277 places), Open House
Delhi NCR Restaurants, Connaught Place                (277 places), Starbucks
Delhi NCR Restaurants, Connaught Place                (277 places), Pebble Street
Delhi NCR Restaurants, Connaught Place                (277 places), Kake Da Hotel
Delhi NCR Restaurants, Connaught Place                (277 places), Indian Grill Company
Delhi NCR Restaurants, Connaught Place                (277 places), Gola Sizzlers
Delhi NCR Restaurants, Connaught Place                (277 places), Burger Singh
Delhi NCR Restaurants, Connaught Place                (277 places), Haldiram's
